MerchantNbr,MerchantName
Merchant1,Blue River Co.
Merchant2,Silver River Co.
Merchant3,Green Valley LLC
Merchant4,Golden Oak Partners
Merchant5,Red Pine Group
Merchant6,Bright Hill Enterprises
Merchant7,Sunny Lake Holdings
Merchant8,Happy Creek Corporation
Merchant9,Royal Field Limited
Merchant10,Grand Cove Associates
Merchant11,Blue Mountain Co.
Merchant12,Silver Pine LLC
Merchant13,Green Lake Partners
Merchant14,Golden Creek Group
Merchant15,Red Valley Enterprises
Merchant16,Bright River Holdings
Merchant17,Sunny Hill Corporation
Merchant18,Happy Oak Limited
Merchant19,Royal Cove Associates
Merchant20,Grand Pine Co.
Merchant21,Blue Field LLC
Merchant22,Silver Mountain Partners
Merchant23,Green Cove Group
Merchant24,Golden River Enterprises
Merchant25,Red Hill Holdings
Merchant26,Bright Valley Corporation
Merchant27,Sunny Field Limited
Merchant28,Happy Mountain Associates
Merchant29,Royal River Co.
Merchant30,Grand Oak LLC
Merchant31,Blue Creek Partners
Merchant32,Silver Hill Group
Merchant33,Green Field Enterprises
Merchant34,Golden Valley Holdings
Merchant35,Red Mountain Corporation
Merchant36,Bright Cove Limited
Merchant37,Sunny River Associates
Merchant38,Happy Hill Co.
Merchant39,Royal Lake LLC
Merchant40,Grand River Partners
Merchant41,Blue Oak Group
Merchant42,Silver Valley Enterprises
Merchant43,Green Hill Holdings
Merchant44,Golden Field Corporation
Merchant45,Red Creek Limited
Merchant46,Bright River Associates
Merchant47,Sunny Cove Co.
Merchant48,Happy Valley LLC
Merchant49,Royal Hill Partners
Merchant50,Grand Mountain Group
MerchantID,MerchantName
Merchant51,Blue Valley Enterprises
Merchant52,Silver River Holdings
Merchant53,Green Mountain Corporation
Merchant54,Golden Hill Limited
Merchant55,Red Field Associates
Merchant56,Bright Creek Co.
Merchant57,Sunny River LLC
Merchant58,Happy Oak Partners
Merchant59,Royal Valley Group
Merchant60,Grand Hill Enterprises
Merchant61,Blue River Corporation
Merchant62,Silver Cove Limited
Merchant63,Green Lake Associates
Merchant64,Golden River Co.
Merchant65,Red Mountain LLC
Merchant66,Bright Field Partners
Merchant67,Sunny Creek Group
Merchant68,Happy Valley Enterprises
Merchant69,Royal Hill Holdings
Merchant70,Grand Oak Corporation
Merchant71,Blue Hill Limited
Merchant72,Silver River Associates
Merchant73,Green Valley Co.
Merchant74,Golden Creek LLC
Merchant75,Red Cove Partners
Merchant76,Bright Mountain Group
Merchant77,Sunny Field Enterprises
Merchant78,Happy River Holdings
Merchant79,Royal Creek Corporation
Merchant80,Grand Valley Limited
Merchant81,Blue Cove Associates
Merchant82,Silver Hill Co.
Merchant83,Green River LLC
Merchant84,Golden Valley Partners
Merchant85,Red Hill Group
Merchant86,Bright River Enterprises
Merchant87,Sunny Oak Holdings
Merchant88,Happy Creek Corporation
Merchant89,Royal Field Limited
Merchant90,Grand Mountain Associates
Merchant91,Blue River Co.
Merchant92,Silver Lake LLC
Merchant93,Green Hill Partners
Merchant94,Golden River Group
Merchant95,Red Creek Enterprises
Merchant96,Bright Valley Holdings
Merchant97,Sunny River Corporation
Merchant98,Happy Hill Limited
Merchant99,Royal Cove Associates
Merchant100,Grand Field Co.
Merchant101,Blue Creek LLC
Merchant102,Silver Hill Partners
Merchant103,Green Valley Group
Merchant104,Golden River Enterprises
Merchant105,Red Oak Holdings
Merchant106,Bright Cove Corporation
Merchant107,Sunny Hill Limited
Merchant108,Happy Creek Associates
Merchant109,Royal Field Co.
Merchant110,Grand Mountain LLC
Merchant111,Blue River Partners
Merchant112,Silver Lake Group
Merchant113,Green Hill Enterprises
Merchant114,Golden Valley Holdings
Merchant115,Red Creek Corporation
Merchant116,Bright Valley Limited
Merchant117,Sunny River Associates
Merchant118,Happy Hill Co.
Merchant119,Royal Cove LLC
Merchant120,Grand Field Partners
Merchant121,Blue Oak Group
Merchant122,Silver Valley Enterprises
Merchant123,Green River Holdings
Merchant124,Golden Hill Corporation
Merchant125,Red Valley Limited
Merchant126,Bright Creek Associates
Merchant127,Sunny Valley Co.
Merchant128,Happy River LLC
Merchant129,Royal Hill Partners
Merchant130,Grand Cove Group
Merchant131,Blue Valley Enterprises
Merchant132,Silver Creek Holdings
Merchant133,Green Lake Corporation
Merchant134,Golden River Limited
Merchant135,Red Mountain Associates
Merchant136,Bright Hill Co.
Merchant137,Sunny Field LLC
Merchant138,Happy Creek Partners
Merchant139,Royal Valley Group
Merchant140,Grand Hill Enterprises
Merchant141,Blue River Corporation
Merchant142,Silver Cove Limited
Merchant143,Green Lake Associates
Merchant144,Golden River Co.
Merchant145,Red Mountain LLC
Merchant146,Bright Field Partners
Merchant147,Sunny Creek Group
Merchant148,Happy Valley Enterprises
Merchant149,Royal Hill Holdings
Merchant150,Grand Oak Corporation
Merchant151,Blue Hill Limited
Merchant152,Silver River Associates
Merchant153,Green Valley Co.
Merchant154,Golden Creek LLC
Merchant155,Red Cove Partners
Merchant156,Bright Mountain Group
Merchant157,Sunny Field Enterprises
Merchant158,Happy River Holdings
Merchant159,Royal Creek Corporation
Merchant160,Grand Valley Limited
Merchant161,Blue Cove Associates
Merchant162,Silver Hill Co.
Merchant163,Green River LLC
Merchant164,Golden Valley Partners
Merchant165,Red Hill Group
Merchant166,Bright River Enterprises
Merchant167,Sunny Oak Holdings
Merchant168,Happy Creek Corporation
Merchant169,Royal Field Limited
Merchant170,Grand River Partners
Merchant171,Blue Oak Group
Merchant172,Silver Valley Enterprises
Merchant173,Green Hill Holdings
Merchant174,Golden Field Corporation
Merchant175,Red Creek Limited
Merchant176,Bright River Associates
Merchant177,Sunny Cove Co.
Merchant178,Happy Valley LLC
Merchant179,Royal Hill Partners
Merchant180,Grand Mountain Group
Merchant181,Blue River Co.
Merchant182,Silver Pine LLC
Merchant183,Green Lake Partners
Merchant184,Golden Creek Group
Merchant185,Red Valley Enterprises
Merchant186,Bright River Holdings
Merchant187,Sunny Hill Corporation
Merchant188,Happy Oak Limited
Merchant189,Royal Cove Associates
Merchant190,Grand Pine Co.
Merchant191,Blue Field LLC
Merchant192,Silver Mountain Partners
Merchant193,Green Cove Group
Merchant194,Golden River Enterprises
Merchant195,Red Hill Holdings
Merchant196,Bright Valley Corporation
Merchant197,Sunny Field Limited
Merchant198,Happy Mountain Associates
Merchant199,Royal River Co.
Merchant200,Grand Oak LLC
Merchant201,Blue Creek Partners
Merchant202,Silver Hill Group
Merchant203,Green Field Enterprises
Merchant204,Golden Valley Holdings
Merchant205,Red Mountain Corporation
Merchant206,Bright Cove Limited
Merchant207,Sunny River Associates
Merchant208,Happy Hill Co.
Merchant209,Royal Lake LLC
Merchant210,Grand River Partners
Merchant211,Blue Oak Group
Merchant212,Silver Valley Enterprises
Merchant213,Green Hill Holdings
Merchant214,Golden Field Corporation
Merchant215,Red Creek Limited
Merchant216,Bright River Associates
Merchant217,Sunny Cove Co.
Merchant218,Happy Valley LLC
Merchant219,Royal Hill Partners
Merchant220,Grand Mountain Group
Merchant221,Blue River Co.
Merchant222,Silver Lake LLC
Merchant223,Green Hill Partners
Merchant224,Golden River Group
Merchant225,Red Creek Enterprises
Merchant226,Bright Valley Holdings
Merchant227,Sunny River Corporation
Merchant228,Happy Hill Limited
Merchant229,Royal Cove Associates
Merchant230,Grand Field Co.
Merchant231,Blue River LLC
Merchant232,Silver Pine Partners
Merchant233,Green Lake Group
Merchant234,Golden Creek Enterprises
Merchant235,Red Valley Holdings
Merchant236,Bright River Corporation
Merchant237,Sunny Hill Limited
Merchant238,Happy Creek Associates
Merchant239,Royal Valley Co.
Merchant240,Grand Hill LLC
Merchant241,Blue Cove Partners
Merchant242,Silver Hill Group
Merchant243,Green River Enterprises
Merchant244,Golden Valley Holdings
Merchant245,Red Creek Corporation
Merchant246,Bright Mountain Limited
Merchant247,Sunny River Associates
Merchant248,Happy Hill Co.
Merchant249,Royal Cove LLC
Merchant250,Grand Field Partners
Merchant251,Blue Oak Enterprises
Merchant252,Silver Valley Holdings
Merchant253,Green Hill Corporation
Merchant254,Golden Field Limited
Merchant255,Red Creek Associates
Merchant256,Bright River Co.
Merchant257,Sunny Cove LLC
Merchant258,Happy Valley Partners
Merchant259,Royal Hill Group
Merchant260,Grand Mountain Enterprises
Merchant261,Blue River Holdings
Merchant262,Silver Lake Corporation
Merchant263,Green Hill Limited
Merchant264,Golden River Associates
Merchant265,Red Creek Co.
Merchant266,Bright Valley LLC
Merchant267,Sunny River Partners
Merchant268,Happy Hill Group
Merchant269,Royal Cove Enterprises
Merchant270,Grand Field Holdings
Merchant271,Blue River Co.
Merchant272,Silver Pine LLC
Merchant273,Green Lake Partners
Merchant274,Golden Creek Group
Merchant275,Red Valley Enterprises
Merchant276,Bright River Holdings
Merchant277,Sunny Hill Corporation
Merchant278,Happy Oak Limited
Merchant279,Royal Cove Associates
Merchant280,Grand Pine Co.
Merchant281,Blue Field LLC
Merchant282,Silver Mountain Partners
Merchant283,Green Cove Group
Merchant284,Golden River Enterprises
Merchant285,Red Hill Holdings
Merchant286,Bright Valley Corporation
Merchant287,Sunny Field Limited
Merchant288,Happy Mountain Associates
Merchant289,Royal River Co.
Merchant290,Grand Oak LLC
Merchant291,Blue Creek Partners
Merchant292,Silver Hill Group
Merchant293,Green Field Enterprises
Merchant294,Golden Valley Holdings
Merchant295,Red Mountain Corporation
Merchant296,Bright Cove Limited
Merchant297,Sunny River Associates
Merchant298,Happy Hill Co.
Merchant299,Royal Lake LLC
Merchant300,Grand River Partners
Merchant301,Blue Oak Group
Merchant302,Silver Valley Enterprises
Merchant303,Green Hill Holdings
Merchant304,Golden Field Corporation
Merchant305,Red Creek Limited
Merchant306,Bright River Associates
Merchant307,Sunny Cove Co.
Merchant308,Happy Valley LLC
Merchant309,Royal Hill Partners
Merchant310,Grand Mountain Group
Merchant311,Blue River Co.
Merchant312,Silver Lake LLC
Merchant313,Green Hill Partners
Merchant314,Golden River Group
Merchant315,Red Creek Enterprises
Merchant316,Bright Valley Holdings
Merchant317,Sunny River Corporation
Merchant318,Happy Hill Limited
Merchant319,Royal Cove Associates
Merchant320,Grand Field Co.
Merchant321,Blue River LLC
Merchant322,Silver Pine Partners
Merchant323,Green Lake Group
Merchant324,Golden Creek Enterprises
Merchant325,Red Valley Holdings
Merchant326,Bright River Corporation
Merchant327,Sunny Hill Limited
Merchant328,Happy Creek Partners
Merchant329,Royal Valley Group
Merchant330,Grand Hill Enterprises
Merchant331,Blue River Corporation
Merchant332,Silver Cove Limited
Merchant333,Green Lake Associates
Merchant334,Golden River Co.
Merchant335,Red Mountain LLC
Merchant336,Bright Field Partners
Merchant337,Sunny Creek Group
Merchant338,Happy Valley Enterprises
Merchant339,Royal Hill Holdings
Merchant340,Grand Oak Corporation
Merchant341,Blue Hill Limited
Merchant342,Silver River Associates
Merchant343,Green Valley Co.
Merchant344,Golden Creek LLC
Merchant345,Red Cove Partners
Merchant346,Bright Mountain Group
Merchant347,Sunny Field Enterprises
Merchant348,Happy River Holdings
Merchant349,Royal Creek Corporation
Merchant350,Grand Valley Limited
Merchant351,Blue Cove Associates
Merchant352,Silver Hill Co.
Merchant353,Green River LLC
Merchant354,Golden Valley Partners
Merchant355,Red Hill Group
Merchant356,Bright River Enterprises
Merchant357,Sunny Oak Holdings
Merchant358,Happy Creek Corporation
Merchant359,Royal Field Limited
Merchant360,Grand River Partners
Merchant361,Blue Oak Group
Merchant362,Silver Valley Enterprises
Merchant363,Green Hill Holdings
Merchant364,Golden Field Corporation
Merchant365,Red Creek Limited
Merchant366,Bright River Associates
Merchant367,Sunny Cove Co.
Merchant368,Happy Valley LLC
Merchant369,Royal Hill Partners
Merchant370,Grand Mountain Group
Merchant371,Blue River Co.
Merchant372,Silver Lake LLC
Merchant373,Green Hill Partners
Merchant374,Golden River Group
Merchant375,Red Creek Enterprises
Merchant376,Bright Valley Holdings
Merchant377,Sunny River Corporation
Merchant378,Happy Hill Limited
Merchant379,Royal Cove Associates
Merchant380,Grand Field Co.
Merchant381,Blue River LLC
Merchant382,Silver Pine Partners
Merchant383,Green Lake Group
Merchant384,Golden Creek Enterprises
Merchant385,Red Valley Holdings
Merchant386,Bright River Corporation
Merchant387,Sunny Hill Limited
Merchant388,Happy Creek Partners
Merchant389,Royal Valley Group
Merchant390,Grand Hill Enterprises
Merchant391,Blue River Corporation
Merchant392,Silver Cove Limited
Merchant393,Green Lake Associates
Merchant394,Golden River Co.
Merchant395,Red Mountain LLC
Merchant396,Bright Field Partners
Merchant397,Sunny Creek Group
Merchant398,Happy Valley Enterprises
Merchant399,Royal Hill Holdings
Merchant400,Grand Oak Corporation
Merchant401,Blue Hill Limited
Merchant402,Silver River Associates
Merchant403,Green Valley Co.
Merchant404,Golden Creek LLC
Merchant405,Red Cove Partners
Merchant406,Bright Mountain Group
Merchant407,Sunny Field Enterprises
Merchant408,Happy River Holdings
Merchant409,Royal Creek Corporation
Merchant410,Grand Valley Limited
Merchant411,Blue Cove Associates
Merchant412,Silver Hill Co.
Merchant413,Green River LLC
Merchant414,Golden Valley Partners
Merchant415,Red Hill Group
Merchant416,Bright River Enterprises
Merchant417,Sunny Oak Holdings
Merchant418,Happy Creek Corporation
Merchant419,Royal Field Limited
Merchant420,Grand River Partners
Merchant421,Blue Oak Group
Merchant422,Silver Valley Enterprises
Merchant423,Green Hill Holdings
Merchant424,Golden Field Corporation
Merchant425,Red Creek Limited
Merchant426,Bright River Associates
Merchant427,Sunny Cove Co.
Merchant428,Happy Valley LLC
Merchant429,Royal Hill Partners
Merchant430,Grand Mountain Group
Merchant431,Blue River Co.
Merchant432,Silver Lake LLC
Merchant433,Green Hill Partners
Merchant434,Golden River Group
Merchant435,Red Creek Enterprises
Merchant436,Bright Valley Holdings
Merchant437,Sunny River Corporation
Merchant438,Happy Hill Limited
Merchant439,Royal Cove Associates
Merchant440,Grand Field Co.
Merchant441,Blue River LLC
Merchant442,Silver Pine Partners
Merchant443,Green Lake Group
Merchant444,Golden Creek Enterprises
Merchant445,Red Valley Holdings
Merchant446,Bright River Corporation
Merchant447,Sunny Hill Limited
Merchant448,Happy Creek Partners
Merchant449,Royal Valley Group
Merchant450,Grand Hill Enterprises
Merchant451,Blue Creek Partners
Merchant452,Silver Hill Group
Merchant453,Green Field Enterprises
Merchant454,Golden Valley Holdings
Merchant455,Red Mountain Corporation
Merchant456,Bright Cove Limited
Merchant457,Sunny River Associates
Merchant458,Happy Hill Co.
Merchant459,Royal Lake LLC
Merchant460,Grand River Partners
Merchant461,Blue Oak Group
Merchant462,Silver Valley Enterprises
Merchant463,Green Hill Holdings
Merchant464,Golden Field Corporation
Merchant465,Red Creek Limited
Merchant466,Bright River Associates
Merchant467,Sunny Cove Co.
Merchant468,Happy Valley LLC
Merchant469,Royal Hill Partners
Merchant470,Grand Mountain Group
Merchant471,Blue River Co.
Merchant472,Silver Lake LLC
Merchant473,Green Hill Partners
Merchant474,Golden River Group
Merchant475,Red Creek Enterprises
Merchant476,Bright Valley Holdings
Merchant477,Sunny River Corporation
Merchant478,Happy Hill Limited
Merchant479,Royal Cove Associates
Merchant480,Grand Field Co.
Merchant481,Blue River LLC
Merchant482,Silver Pine Partners
Merchant483,Green Lake Group
Merchant484,Golden Creek Enterprises
Merchant485,Red Valley Holdings
Merchant486,Bright River Corporation
Merchant487,Sunny Hill Limited
Merchant488,Happy Creek Partners
Merchant489,Royal Valley Group
Merchant490,Grand Hill Enterprises
Merchant491,Blue River Corporation
Merchant492,Silver Cove Limited
Merchant493,Green Lake Associates
Merchant494,Golden River Co.
Merchant495,Red Mountain LLC
Merchant496,Bright Field Partners
Merchant497,Sunny Creek Group
Merchant498,Happy Valley Enterprises
Merchant499,Royal Hill Holdings
Merchant500,Grand Oak Corporation
Merchant501,Blue Hill Limited
Merchant502,Silver River Associates
Merchant503,Green Valley Co.
Merchant504,Golden Creek LLC
Merchant505,Red Cove Partners
Merchant506,Bright Mountain Group
Merchant507,Sunny Field Enterprises
Merchant508,Happy River Holdings
Merchant509,Royal Creek Corporation
Merchant510,Grand Valley Limited
Merchant511,Blue Cove Associates
Merchant512,Silver Hill Co.
Merchant513,Green River LLC
Merchant514,Golden Valley Partners
Merchant515,Red Hill Group
Merchant516,Bright River Enterprises
Merchant517,Sunny Oak Holdings
Merchant518,Happy Creek Corporation
Merchant519,Royal Field Limited
Merchant520,Grand River Partners
Merchant521,Blue Oak Group
Merchant522,Silver Valley Enterprises
Merchant523,Green Hill Holdings
Merchant524,Golden Field Corporation
Merchant525,Red Creek Limited
Merchant526,Bright River Associates
Merchant527,Sunny Cove Co.
Merchant528,Happy Valley LLC
Merchant529,Royal Hill Partners
Merchant530,Grand Mountain Group
Merchant531,Blue River Co.
Merchant532,Silver Lake LLC
Merchant533,Green Hill Partners
Merchant534,Golden River Group
Merchant535,Red Creek Enterprises
Merchant536,Bright Valley Holdings
Merchant537,Sunny River Corporation
Merchant538,Happy Hill Limited
Merchant539,Royal Cove Associates
Merchant540,Grand Field Co.
Merchant541,Blue River LLC
Merchant542,Silver Pine Partners
Merchant543,Green Lake Group
Merchant544,Golden Creek Enterprises
Merchant545,Red Valley Holdings
Merchant546,Bright River Corporation
Merchant547,Sunny Hill Limited
Merchant548,Happy Creek Partners
Merchant549,Royal Valley Group
Merchant550,Grand Hill Enterprises
Merchant551,Blue Creek Partners
Merchant552,Silver Hill Group
Merchant553,Green Field Enterprises
Merchant554,Golden Valley Holdings
Merchant555,Red Mountain Corporation
Merchant556,Bright Cove Limited
Merchant557,Sunny River Associates
Merchant558,Happy Hill Co.
Merchant559,Royal Lake LLC
Merchant560,Grand River Partners
Merchant561,Blue Oak Group
Merchant562,Silver Valley Enterprises
Merchant563,Green Hill Holdings
Merchant564,Golden Field Corporation
Merchant565,Red Creek Limited
Merchant566,Bright River Associates
Merchant567,Sunny Cove Co.
Merchant568,Happy Valley LLC
Merchant569,Royal Hill Partners
Merchant570,Grand Mountain Group
Merchant571,Blue River Co.
Merchant572,Silver Lake LLC
Merchant573,Green Hill Partners
Merchant574,Golden River Group
Merchant575,Red Creek Enterprises
Merchant576,Bright Valley Holdings
Merchant577,Sunny River Corporation
Merchant578,Happy Hill Limited
Merchant579,Royal Cove Associates
Merchant580,Grand Field Co.
Merchant581,Blue River LLC
Merchant582,Silver Pine Partners
Merchant583,Green Lake Group
Merchant584,Golden Creek Enterprises
Merchant585,Red Valley Holdings
Merchant586,Bright River Corporation
Merchant587,Sunny Hill Limited
Merchant588,Happy Creek Partners
Merchant589,Royal Valley Group
Merchant590,Grand Hill Enterprises
Merchant591,Blue Hill Limited
Merchant592,Silver River Associates
Merchant593,Green Valley Co.
Merchant594,Golden Creek LLC
Merchant595,Red Cove Partners
Merchant596,Bright Mountain Group
Merchant597,Sunny Field Enterprises
Merchant598,Happy River Holdings
Merchant599,Royal Creek Corporation
Merchant600,Grand Valley Limited
Merchant601,Blue Cove Associates
Merchant602,Silver Hill Co.
Merchant603,Green River LLC
Merchant604,Golden Valley Partners
Merchant605,Red Hill Group
Merchant606,Bright River Enterprises
Merchant607,Sunny Oak Holdings
Merchant608,Happy Creek Corporation
Merchant609,Royal Field Limited
Merchant610,Grand River Partners
Merchant611,Blue Oak Group
Merchant612,Silver Valley Enterprises
Merchant613,Green Hill Holdings
Merchant614,Golden Field Corporation
Merchant615,Red Creek Limited
Merchant616,Bright River Associates
Merchant617,Sunny Cove Co.
Merchant618,Happy Valley LLC
Merchant619,Royal Hill Partners
Merchant620,Grand Mountain Group
Merchant621,Blue River Co.
Merchant622,Silver Lake LLC
Merchant623,Green Hill Partners
Merchant624,Golden River Group
Merchant625,Red Creek Enterprises
Merchant626,Bright Valley Holdings
Merchant627,Sunny River Corporation
Merchant628,Happy Hill Limited
Merchant629,Royal Cove Associates
Merchant630,Grand Field Co.
Merchant631,Blue River LLC
Merchant632,Silver Pine Partners
Merchant633,Green Lake Group
Merchant634,Golden Creek Enterprises
Merchant635,Red Valley Holdings
Merchant636,Bright River Corporation
Merchant637,Sunny Hill Limited
Merchant638,Happy Creek Partners
Merchant639,Royal Valley Group
Merchant640,Grand Hill Enterprises
Merchant641,Blue River Corporation
Merchant642,Silver Cove Limited
Merchant643,Green Lake Associates
Merchant644,Golden River Co.
Merchant645,Red Mountain LLC
Merchant646,Bright Field Partners
Merchant647,Sunny Creek Group
Merchant648,Happy Valley Enterprises
Merchant649,Royal Hill Holdings
Merchant650,Grand Oak Corporation
Merchant651,Blue Hill Limited
Merchant652,Silver River Associates
Merchant653,Green Valley Co.
Merchant654,Golden Creek LLC
Merchant655,Red Cove Partners
Merchant656,Bright Mountain Group
Merchant657,Sunny Field Enterprises
Merchant658,Happy River Holdings
Merchant659,Royal Creek Corporation
Merchant660,Grand Valley Limited
Merchant661,Blue Cove Associates
Merchant662,Silver Hill Co.
Merchant663,Green River LLC
Merchant664,Golden Valley Partners
Merchant665,Red Hill Group
Merchant666,Bright River Enterprises
Merchant667,Sunny Oak Holdings
Merchant668,Happy Creek Corporation
Merchant669,Royal Field Limited
Merchant670,Grand River Partners
Merchant671,Blue Oak Group
Merchant672,Silver Valley Enterprises
Merchant673,Green Hill Holdings
Merchant674,Golden Field Corporation
Merchant675,Red Creek Limited
Merchant676,Bright River Associates
Merchant677,Sunny Cove Co.
Merchant678,Happy Valley LLC
Merchant679,Royal Hill Partners
Merchant680,Grand Mountain Group
Merchant681,Blue River Co.
Merchant682,Silver Lake LLC
Merchant683,Green Hill Partners
Merchant684,Golden River Group
Merchant685,Red Creek Enterprises
Merchant686,Bright Valley Holdings
Merchant687,Sunny River Corporation
Merchant688,Happy Hill Limited
Merchant689,Royal Cove Associates
Merchant690,Grand Field Co.
Merchant691,Blue River LLC
Merchant692,Silver Pine Partners
Merchant693,Green Lake Group
Merchant694,Golden Creek Enterprises
Merchant695,Red Valley Holdings
Merchant696,Bright River Corporation
Merchant697,Sunny Hill Limited
Merchant698,Happy Creek Partners
Merchant699,Royal Valley Group
Merchant700,Grand Hill Enterprises
Merchant751,Blue Creek Partners
Merchant752,Silver Hill Group
Merchant753,Green Field Enterprises
Merchant754,Golden Valley Holdings
Merchant755,Red Mountain Corporation
Merchant756,Bright Cove Limited
Merchant757,Sunny River Associates
Merchant758,Happy Hill Co.
Merchant759,Royal Lake LLC
Merchant760,Grand River Partners
Merchant761,Blue Oak Group
Merchant762,Silver Valley Enterprises
Merchant763,Green Hill Holdings
Merchant764,Golden Field Corporation
Merchant765,Red Creek Limited
Merchant766,Bright River Associates
Merchant767,Sunny Cove Co.
Merchant768,Happy Valley LLC
Merchant769,Royal Hill Partners
Merchant770,Grand Mountain Group
Merchant771,Blue River Co.
Merchant772,Silver Lake LLC
Merchant773,Green Hill Partners
Merchant774,Golden River Group
Merchant775,Red Creek Enterprises
Merchant776,Bright Valley Holdings
Merchant777,Sunny River Corporation
Merchant778,Happy Hill Limited
Merchant779,Royal Cove Associates
Merchant780,Grand Field Co.
Merchant781,Blue River LLC
Merchant782,Silver Pine Partners
Merchant783,Green Lake Group
Merchant784,Golden Creek Enterprises
Merchant785,Red Valley Holdings
Merchant786,Bright River Corporation
Merchant787,Sunny Hill Limited
Merchant788,Happy Creek Partners
Merchant789,Royal Valley Group
Merchant790,Grand Hill Enterprises
Merchant791,Blue Hill Limited
Merchant792,Silver River Associates
Merchant793,Green Valley Co.
Merchant794,Golden Creek LLC
Merchant795,Red Cove Partners
Merchant796,Bright Mountain Group
Merchant797,Sunny Field Enterprises
Merchant798,Happy River Holdings
Merchant799,Royal Creek Corporation
Merchant800,Grand Valley Limited
Merchant801,Blue Cove Associates
Merchant802,Silver Hill Co.
Merchant803,Green River LLC
Merchant804,Golden Valley Partners
Merchant805,Red Hill Group
Merchant806,Bright River Enterprises
Merchant807,Sunny Oak Holdings
Merchant808,Happy Creek Corporation
Merchant809,Royal Field Limited
Merchant810,Grand River Partners
Merchant811,Blue Oak Group
Merchant812,Silver Valley Enterprises
Merchant813,Green Hill Holdings
Merchant814,Golden Field Corporation
Merchant815,Red Creek Limited
Merchant816,Bright River Associates
Merchant817,Sunny Cove Co.
Merchant818,Happy Valley LLC
Merchant819,Royal Hill Partners
Merchant820,Grand Mountain Group
Merchant821,Blue River Co.
Merchant822,Silver Lake LLC
Merchant823,Green Hill Partners
Merchant824,Golden River Group
Merchant825,Red Creek Enterprises
Merchant826,Bright Valley Holdings
Merchant827,Sunny River Corporation
Merchant828,Happy Hill Limited
Merchant829,Royal Cove Associates
Merchant830,Grand Field Co.
Merchant831,Blue River LLC
Merchant832,Silver Pine Partners
Merchant833,Green Lake Group
Merchant834,Golden Creek Enterprises
Merchant835,Red Valley Holdings
Merchant836,Bright River Corporation
Merchant837,Sunny Hill Limited
Merchant838,Happy Creek Partners
Merchant839,Royal Valley Group
Merchant840,Grand Hill Enterprises
Merchant841,Blue River Corporation
Merchant842,Silver Cove Limited
Merchant843,Green Lake Associates
Merchant844,Golden River Co.
Merchant845,Red Mountain LLC
Merchant846,Bright Field Partners
Merchant847,Sunny Creek Group
Merchant848,Happy Valley Enterprises
Merchant849,Royal Hill Holdings
Merchant850,Grand Oak Corporation
Merchant851,Blue Hill Limited
Merchant852,Silver River Associates
Merchant853,Green Valley Co.
Merchant854,Golden Creek LLC
Merchant855,Red Cove Partners
Merchant856,Bright Mountain Group
Merchant857,Sunny Field Enterprises
Merchant858,Happy River Holdings
Merchant859,Royal Creek Corporation
Merchant860,Grand Valley Limited
Merchant861,Blue Cove Associates
Merchant862,Silver Hill Co.
Merchant863,Green River LLC
Merchant864,Golden Valley Partners
Merchant865,Red Hill Group
Merchant866,Bright River Enterprises
Merchant867,Sunny Oak Holdings
Merchant868,Happy Creek Corporation
Merchant869,Royal Field Limited
Merchant870,Grand River Partners
Merchant871,Blue Oak Group
Merchant872,Silver Valley Enterprises
Merchant873,Green Hill Holdings
Merchant874,Golden Field Corporation
Merchant875,Red Creek Limited
Merchant876,Bright River Associates
Merchant877,Sunny Cove Co.
Merchant878,Happy Valley LLC
Merchant879,Royal Hill Partners
Merchant880,Grand Mountain Group
Merchant881,Blue River Co.
Merchant882,Silver Lake LLC
Merchant883,Green Hill Partners
Merchant884,Golden River Group
Merchant885,Red Creek Enterprises
Merchant886,Bright Valley Holdings
Merchant887,Sunny River Corporation
Merchant888,Happy Hill Limited
Merchant889,Royal Cove Associates
Merchant890,Grand Field Co.
Merchant891,Blue River LLC
Merchant892,Silver Pine Partners
Merchant893,Green Lake Group
Merchant894,Golden Creek Enterprises
Merchant895,Red Valley Holdings
Merchant896,Bright River Corporation
Merchant897,Sunny Hill Limited
Merchant898,Happy Creek Partners
Merchant899,Royal Valley Group
Merchant900,Grand Hill Enterprises
Merchant901,Blue River Corporation
Merchant902,Silver Cove Limited
Merchant903,Green Lake Associates
Merchant904,Golden River Co.
Merchant905,Red Mountain LLC
Merchant906,Bright Field Partners
Merchant907,Sunny Creek Group
Merchant908,Happy Valley Enterprises
Merchant909,Royal Hill Holdings
Merchant910,Grand Oak Corporation
Merchant911,Blue Hill Limited
Merchant912,Silver River Associates
Merchant913,Green Valley Co.
Merchant914,Golden Creek LLC
Merchant915,Red Cove Partners
Merchant916,Bright Mountain Group
Merchant917,Sunny Field Enterprises
Merchant918,Happy River Holdings
Merchant919,Royal Creek Corporation
Merchant920,Grand Valley Limited
Merchant921,Blue Cove Associates
Merchant922,Silver Hill Co.
Merchant923,Green River LLC
Merchant924,Golden Valley Partners
Merchant925,Red Hill Group
Merchant926,Bright River Enterprises
Merchant927,Sunny Oak Holdings
Merchant928,Happy Creek Corporation
Merchant929,Royal Field Limited
Merchant930,Grand River Partners
Merchant931,Blue Oak Group
Merchant932,Silver Valley Enterprises
Merchant933,Green Hill Holdings
Merchant934,Golden Field Corporation
Merchant935,Red Creek Limited
Merchant936,Bright River Associates
Merchant937,Sunny Cove Co.
Merchant938,Happy Valley LLC
Merchant939,Royal Hill Partners
Merchant940,Grand Mountain Group
Merchant941,Blue River Co.
Merchant942,Silver Lake LLC
Merchant943,Green Hill Partners
Merchant944,Golden River Group
Merchant945,Red Creek Enterprises
Merchant946,Bright Valley Holdings
Merchant947,Sunny River Corporation
Merchant948,Happy Hill Limited
Merchant949,Royal Cove Associates
Merchant950,Grand Field Co.
Merchant951,Blue River LLC
Merchant952,Silver Pine Partners
Merchant953,Green Lake Group
Merchant954,Golden Creek Enterprises
Merchant955,Red Valley Holdings
Merchant956,Bright River Corporation
Merchant957,Sunny Hill Limited
Merchant958,Happy Creek Partners
Merchant959,Royal Valley Group
Merchant960,Grand Hill Enterprises
Merchant961,Blue Hill Limited
Merchant962,Silver River Associates
Merchant963,Green Valley Co.
Merchant964,Golden Creek LLC
Merchant965,Red Cove Partners
Merchant966,Bright Mountain Group
Merchant967,Sunny Field Enterprises
Merchant968,Happy River Holdings
Merchant969,Royal Creek Corporation
Merchant970,Grand Valley Limited
Merchant971,Blue Cove Associates
Merchant972,Silver Hill Co.
Merchant973,Green River LLC
Merchant974,Golden Valley Partners
Merchant975,Red Hill Group
Merchant976,Bright River Enterprises
Merchant977,Sunny Oak Holdings
Merchant978,Happy Creek Corporation
Merchant979,Royal Field Limited
Merchant980,Grand River Partners
Merchant981,Blue Oak Group
Merchant982,Silver Valley Enterprises
Merchant983,Green Hill Holdings
Merchant984,Golden Field Corporation
Merchant985,Red Creek Limited
Merchant986,Bright River Associates
Merchant987,Sunny Cove Co.
Merchant988,Happy Valley LLC
Merchant989,Royal Hill Partners
Merchant990,Grand Mountain Group
Merchant991,Blue River Co.
Merchant992,Silver Lake LLC
Merchant993,Green Hill Partners
Merchant994,Golden River Group
Merchant995,Red Creek Enterprises
Merchant996,Bright Valley Holdings
Merchant997,Sunny River Corporation
Merchant998,Happy Hill Limited
Merchant999,Royal Cove Associates
Merchant1000,Grand Field Co.





